Instance Number,Instance Name,Site Count,Primary Audience,Data Sensitivity,Key Compliance,Priority
1,Vision Care - Member Portals,6,Members,HIGH (PHI/PII),HIPAA CCPA,1 - Highest
2,Provider & Practice Portals,27,Providers,HIGH (Patient Access),HIPAA B2B,2 - High
3,Broker & Client Portals,7,Brokers/Clients,MEDIUM (Business Data),B2B SOC2,3 - Medium
4,Consumer Marketing & Eyewear,29,Consumers,LOW (Marketing),CCPA GDPR,4 - Standard
5,Corporate & Internal,3,All/Employees,LOW (Public/Internal),CCPA Employee,5 - Low