Instance Number	Instance Name	Site Domain	Site Name	Primary Audience	Login Required	Data Sensitivity	Key Compliance	Priority	Notes
1	Vision Care - Member Portals	vsp.com	Member Portal	Members	Login	HIGH (PHI/PII)	HIPAA CCPA	1 - Highest	Core member health insurance portal
1	Vision Care - Member Portals	mymetlifevision.com/guest-landing.html	Metlife	Members	Login	HIGH (PHI/PII)	HIPAA CCPA	1 - Highest	Co-branded member portal
1	Vision Care - Member Portals	healthyeyes.vsp.com/anthem	Healthy Eyes Anthem	Members	No Login	HIGH (PHI/PII)	HIPAA CCPA	1 - Highest	Partner member portal
1	Vision Care - Member Portals	healthyeyes.mymetlifevision.com	Healthy Eyes MLV	Members	No Login	HIGH (PHI/PII)	HIPAA CCPA	1 - Highest	Health education for members
1	Vision Care - Member Portals	companyname.vspforme.com	Client Specific Websites (CSWs)	Members	No Login	HIGH (PHI/PII)	HIPAA CCPA	1 - Highest	Customized member experiences
1	Vision Care - Member Portals	openenrollment.vsp.com	TPA or Admin Plus Enrollment Sites	Members	No Login	HIGH (PHI/PII)	HIPAA CCPA	1 - Highest	Member enrollment data
2	Provider & Practice Portals	doctor.vsp.com	VSPOnline	Providers	Login	HIGH (Patient Access)	HIPAA B2B	2 - High	Provider claims and eligibility
2	Provider & Practice Portals	vspproviderhub.com	Provider Hub (public)	Providers	Login	HIGH (Patient Access)	HIPAA B2B	2 - High	Provider access to member benefits
2	Provider & Practice Portals	vspprm.com	New PRM Site - External	Providers	Login	HIGH (Patient Access)	HIPAA B2B	2 - High	Provider resource management
2	Provider & Practice Portals	eyefinity.com	Eyefinity (public)	Providers	Login	HIGH (Patient Access)	HIPAA B2B	2 - High	Practice management software
2	Provider & Practice Portals	ww3.eyefinity.com	Eyefinity (behind the login)	Providers	No Login	HIGH (Patient Access)	HIPAA B2B	2 - High	Secure practice resources
2	Provider & Practice Portals	vsplrm.com	Lab Reference Manual (LRM)	Providers	No Login	HIGH (Patient Access)	HIPAA B2B	2 - High	Lab provider documentation
2	Provider & Practice Portals	vspambassador.com	Ambassador Portal	Providers	Login	HIGH (Patient Access)	HIPAA B2B	2 - High	Provider engagement platform
2	Provider & Practice Portals	vspone.com	VSP One	Providers	No Login	HIGH (Patient Access)	HIPAA B2B	2 - High	Provider tools and resources
2	Provider & Practice Portals	vspopticsgroup.com	Optics Order Status	Providers	Login	HIGH (Patient Access)	HIPAA B2B	2 - High	Provider order management
2	Provider & Practice Portals	dashboard.vspproviderhub.com	Provider Dashboard	Providers	Unknown	HIGH (Patient Access)	HIPAA B2B	2 - High	Provider analytics dashboard
2	Provider & Practice Portals	Commercial GAP page on VSPOnline		Providers	Unknown	HIGH (Patient Access)	HIPAA B2B	2 - High	May be subpage of doctor.vsp.com
2	Provider & Practice Portals	Medicaid GAP Page on VSPOnline		Providers	Unknown	HIGH (Patient Access)	HIPAA B2B	2 - High	May be subpage of doctor.vsp.com
2	Provider & Practice Portals	https://doctor.vsp.com/vspdctr/html/plexus-agreement.html	Plexus Agreement	Providers	Unknown	HIGH (Patient Access)	HIPAA B2B	2 - High	Subpage of doctor.vsp.com
2	Provider & Practice Portals	Retail Provider Form		Providers	Unknown	HIGH (Patient Access)	HIPAA B2B	2 - High	Form - verify parent domain
2	Provider & Practice Portals	VisionWorks Provider Form		Providers	Unknown	HIGH (Patient Access)	HIPAA B2B	2 - High	Form - verify parent domain
2	Provider & Practice Portals	Pearle Vision Provider Form		Providers	Unknown	HIGH (Patient Access)	HIPAA B2B	2 - High	Form - verify parent domain
2	Provider & Practice Portals	Cultural Competency Provider Pages/Form		Providers	Unknown	HIGH (Patient Access)	HIPAA B2B	2 - High	Form - verify parent domain
2	Provider & Practice Portals	uuniversity.com	UUniversity SEO splash page	Providers	No Login	HIGH (Patient Access)	HIPAA B2B	2 - High	SEO landing page
2	Provider & Practice Portals	unitycontactlenses.com	Unity Contact Lenses	Providers	Unknown	HIGH (Patient Access)	HIPAA B2B	2 - High	
2	Provider & Practice Portals	seewellbewell.com	See Well Be Well	Providers	Unknown	HIGH (Patient Access)	HIPAA B2B	2 - High	
2	Provider & Practice Portals	vspcair.com, vspcare.com, carevsp.com, cairvsp.com	VSP Care variants	Providers	Unknown	HIGH (Patient Access)	HIPAA B2B	2 - High	Multiple domains - verify each
3	Broker & Client Portals	visionplans.vsp.com	Broker Portal	Brokers	Login	MEDIUM (Business Data)	B2B SOC2	3 - Medium	Broker sales platform
3	Broker & Client Portals	visionbenefits.vsp.com	Client Portal	Clients	Login	MEDIUM (Business Data)	B2B SOC2	3 - Medium	Employer benefits management
3	Broker & Client Portals	vspcoveredcaagent.com	Broker - Covered CA	Brokers	Login	MEDIUM (Business Data)	B2B SOC2	3 - Medium	California broker portal
3	Broker & Client Portals	brokers.vsphub.com	Broker Content Hubs	Brokers	No Login	MEDIUM (Business Data)	B2B SOC2	3 - Medium	Broker resources
3	Broker & Client Portals	employers.vsphub.com	Client Content Hub	Clients	No Login	MEDIUM (Business Data)	B2B SOC2	3 - Medium	Employer resources
3	Broker & Client Portals	individualplanpartner.com	IP Broker	Brokers	No Login	MEDIUM (Business Data)	B2B SOC2	3 - Medium	Individual plan brokers
3	Broker & Client Portals	visionpartners.vsp.com/	Health & Government Marketing or VSP Improves	Clients	No Login	MEDIUM (Business Data)	B2B SOC2	3 - Medium	B2B marketing
4	Consumer Marketing & Eyewear	findvsp.com	Find VSP	Consumers	No Login	LOW (Marketing)	CCPA GDPR	4 - Standard	Lead generation
4	Consumer Marketing & Eyewear	searchvsp.com	Search VSP	Consumers	No Login	LOW (Marketing)	CCPA GDPR	4 - Standard	SEO/Lead gen
4	Consumer Marketing & Eyewear	choosevsp.com	Federal Site or Choose	Consumers	No Login	LOW (Marketing)	CCPA GDPR	4 - Standard	Government programs
4	Consumer Marketing & Eyewear	vspinnetwork.com		Consumers	No Login	LOW (Marketing)	CCPA GDPR	4 - Standard	Provider search
4	Consumer Marketing & Eyewear	vspoffers.com		Consumers	No Login	LOW (Marketing)	CCPA GDPR	4 - Standard	Marketing campaigns
4	Consumer Marketing & Eyewear	vspoffer50.com	Premier Edge Marketing	Consumers	No Login	LOW (Marketing)	CCPA GDPR	4 - Standard	Special offers
4	Consumer Marketing & Eyewear	vspoffers1.com	Member Churn Landing Page	Consumers	No Login	LOW (Marketing)	CCPA GDPR	4 - Standard	Retention campaign
4	Consumer Marketing & Eyewear	vspoffers2.com	Member Churn Landing Page	Consumers	No Login	LOW (Marketing)	CCPA GDPR	4 - Standard	Retention campaign
4	Consumer Marketing & Eyewear	vspoffers3.com	Member Churn Landing Page	Consumers	No Login	LOW (Marketing)	CCPA GDPR	4 - Standard	Retention campaign
4	Consumer Marketing & Eyewear	vspoffers4.com	Member Churn Landing Page	Consumers	No Login	LOW (Marketing)	CCPA GDPR	4 - Standard	Retention campaign
4	Consumer Marketing & Eyewear	vspoffers5.com	Member Churn Landing Page	Consumers	No Login	LOW (Marketing)	CCPA GDPR	4 - Standard	Retention campaign
4	Consumer Marketing & Eyewear	vspventures.com	Ventures	Consumers	No Login	LOW (Marketing)	CCPA GDPR	4 - Standard	Innovation showcase
4	Consumer Marketing & Eyewear	vsponsiteclinic.com/clinic	Onsite Clinics	Consumers	No Login	LOW (Marketing)	CCPA GDPR	4 - Standard	Retail clinic locations
4	Consumer Marketing & Eyewear	blog.eyeconic.com	Eyeconic Blog	Consumers	No Login	LOW (Marketing)	CCPA GDPR	4 - Standard	Content marketing
4	Consumer Marketing & Eyewear	vspameritas.com		Consumers	Unknown	LOW (Marketing)	CCPA GDPR	4 - Standard	
4	Consumer Marketing & Eyewear	*.vspexchange.com		Consumers	Unknown	LOW (Marketing)	CCPA GDPR	4 - Standard	Wildcard - verify specific domains
4	Consumer Marketing & Eyewear	justthefactsvsp.com		Consumers	Unknown	LOW (Marketing)	CCPA GDPR	4 - Standard	
4	Consumer Marketing & Eyewear	marchon.com	Marchon	Consumers	No Login	LOW (Marketing)	CCPA GDPR	4 - Standard	Eyewear showcase
4	Consumer Marketing & Eyewear	flexon.com	Flexon	Consumers	No Login	LOW (Marketing)	CCPA GDPR	4 - Standard	Product marketing
4	Consumer Marketing & Eyewear	mcallistereyewear.com	McAllister	Consumers	No Login	LOW (Marketing)	CCPA GDPR	4 - Standard	Product marketing
4	Consumer Marketing & Eyewear	pureeyewear.com	Pure	Consumers	No Login	LOW (Marketing)	CCPA GDPR	4 - Standard	Product marketing
4	Consumer Marketing & Eyewear	skaga.com	Skaga	Consumers	No Login	LOW (Marketing)	CCPA GDPR	4 - Standard	Product marketing
4	Consumer Marketing & Eyewear	marchoneyewear.com.au	Marchon AU	Consumers	No Login	LOW (Marketing)	CCPA GDPR	4 - Standard	Regional presence
4	Consumer Marketing & Eyewear	techshieldar.com	TechShield	Consumers	No Login	LOW (Marketing)	CCPA GDPR	4 - Standard	Lens technology
4	Consumer Marketing & Eyewear	sunsync.com	SunSync	Consumers	No Login	LOW (Marketing)	CCPA GDPR	4 - Standard	Lens technology
4	Consumer Marketing & Eyewear	airlockworkshop.com	Airlock	Consumers	No Login	LOW (Marketing)	CCPA GDPR	4 - Standard	Professional training
4	Consumer Marketing & Eyewear	vspoptics.com	Optics (Umbrella Site)	Consumers	No Login	LOW (Marketing)	CCPA GDPR	4 - Standard	B2B optics platform
4	Consumer Marketing & Eyewear	vspoptics.com.au	Optics Australia	Consumers	No Login	LOW (Marketing)	CCPA GDPR	4 - Standard	Regional B2B
4	Consumer Marketing & Eyewear	vspaustralia.com.au		Consumers	Unknown	LOW (Marketing)	CCPA GDPR	4 - Standard	Regional site
5	Corporate & Internal	vspvision.com	VSP Vision	All	No Login	LOW (Public/Internal)	CCPA Employee	5 - Low	Company information
5	Corporate & Internal	vspglobalresources.com	VSP Vision Resources	Employees	No Login	LOW (Public/Internal)	CCPA Employee	5 - Low	Internal documentation
5	Corporate & Internal	internal.vspprm.com	new PRM Site - Internal	Employees	Login	LOW (Public/Internal)	CCPA Employee	5 - Low	Employee-only access
5	Corporate & Internal	magnolia.vspglobal.com/int-decomm	International Decommission Site	All	No Login	LOW (Public/Internal)	CCPA Employee	5 - Low	Legacy international